studentId,languages,expLevel
JHL283810,JavaScript,beg
RZS258878,JavaScript,beg
MBT282397,C++,int
MBT282397,JavaScript,adv
MBT282397,Python,int
BXR284259,Java,beg
SDI270697,C++,adv
FVM270686,SQL,beg
APK243309,SQL,beg
APK243309,JavaScript,int
APK243309,HTML,adv
APK243309,NodeJs,int
APK243309,Java,beg
APK243309,CSS,beg
EDS209880,JavaScript,int
EDS209880,Java,beg
EDS209880,C++,int
MSM275914,JavaScript,beg
MSM275914,C++,adv
MSM275914,CSS,adv
NOZ234814,C++,int
NOZ234814,Other,beg
NOZ234814,CSS,beg
NOZ234814,NodeJs,int
NOZ234814,JavaScript,int
NOZ234814,Python,beg
NOZ234814,Java,int
AAE297154,Java,int
AAE297154,SQL,int
AAE297154,CSS,beg
AAE297154,JavaScript,int
AAE297154,C++,beg
AAE297154,HTML,adv
AAE297154,Other,beg
AAE297154,Python,adv
SVK223509,JavaScript,beg
JIP279457,SQL,int
JIP279457,C++,adv
JIP279457,Other,int
JIP279457,Python,adv
JIP279457,CSS,beg
JIP279457,JavaScript,beg
JIP279457,HTML,int
JIP279457,NodeJs,adv
JIP279457,Java,int
APS260946,SQL,beg
APS260946,C++,beg
APS260946,JavaScript,beg
APS260946,NodeJs,int
APS260946,Python,adv
APS260946,Other,beg
APS260946,Java,int
APS260946,CSS,int
DQF255724,HTML,adv
DQF255724,C++,int
DQF255724,Other,beg
DQF255724,NodeJs,adv
DQF255724,JavaScript,int
DQF255724,Python,int
DQF255724,SQL,int
DQF255724,CSS,beg
FEH235614,C++,int
FEH235614,JavaScript,adv
FEH235614,HTML,int
CNW200772,JavaScript,adv
CNW200772,Python,adv
CNW200772,Other,beg
CNW200772,HTML,int
CNW200772,C++,adv
AML242906,HTML,beg
AML242906,C++,beg
AML242906,JavaScript,beg
AML242906,SQL,beg
AML242906,Java,adv
GJM221992,HTML,adv
GJM221992,C++,int
GJM221992,SQL,adv
GJM221992,Python,int
GJM221992,CSS,beg
GJM221992,Java,adv
GJM221992,JavaScript,adv
GJM221992,Other,int
GJM221992,NodeJs,beg
PST280728,JavaScript,beg
PST280728,SQL,int
PST280728,Java,int
PST280728,HTML,int
PST280728,Python,int
PST280728,C++,adv
PST280728,NodeJs,adv
MPH272768,CSS,beg
KDG292124,Python,beg
KDG292124,HTML,beg
KDG292124,C++,int
KDG292124,SQL,beg
KDG292124,NodeJs,int
KDG292124,Other,beg
KDG292124,CSS,int
KDG292124,JavaScript,beg
RON213446,C++,beg
RON213446,Other,adv
RON213446,HTML,int
RON213446,JavaScript,beg
RON213446,Java,beg
RON213446,CSS,beg
RON213446,SQL,adv
RYV274531,Python,beg
RYV274531,C++,int
RYV274531,NodeJs,int
JUK290096,Python,beg
JUK290096,CSS,beg
JUK290096,JavaScript,beg
SNB265597,Java,beg
SNB265597,CSS,adv
SNB265597,NodeJs,int
SNB265597,Other,adv
SNB265597,C++,int
SNB265597,HTML,beg
SNB265597,Python,int
SNB265597,JavaScript,int
SNB265597,SQL,int
GYC259614,Java,adv
GYC259614,HTML,int
GYC259614,Python,beg
GYC259614,CSS,beg
GYC259614,C++,adv
GYC259614,JavaScript,adv
GYC259614,SQL,beg
HQT284896,Other,int
HQT284896,Python,int
HQT284896,HTML,int
HQT284896,C++,adv
HQT284896,CSS,int
HQT284896,SQL,beg
HQT284896,Java,int
AHT259682,Python,beg
AHT259682,NodeJs,int
AHT259682,Java,beg
AHT259682,C++,adv
AHT259682,CSS,int
AHT259682,Other,beg
VYC243065,C++,beg
VYC243065,Other,int
VYC243065,HTML,beg
VYC243065,NodeJs,int
VYC243065,Python,int
VYC243065,Java,int
SSD279887,Java,adv
SSD279887,NodeJs,beg
SSD279887,Python,beg
SSD279887,SQL,int
JJB213979,Java,adv
JJB213979,NodeJs,adv
JJB213979,JavaScript,adv
JJB213979,Python,adv
JJB213979,C++,beg
JJB213979,SQL,adv
JJB213979,Other,beg
JJB213979,HTML,adv
JJB213979,CSS,adv
MLK223021,Python,beg
BLM248311,SQL,beg
BLM248311,HTML,beg
BLM248311,Other,beg
BLM248311,Java,beg
BLM248311,NodeJs,int
BLM248311,Python,int
BLM248311,CSS,beg
BLM248311,C++,beg
JII285841,SQL,adv
BSG206629,HTML,beg
BSG206629,Other,adv
BSG206629,Python,beg
MEC231186,Other,adv
MEC231186,C++,beg
MEC231186,HTML,adv
MEC231186,CSS,adv
MEC231186,NodeJs,adv
ETM293375,Other,adv
ETM293375,SQL,int
ETM293375,HTML,int
ETM293375,CSS,adv
INC259441,C++,beg
CNM253845,CSS,adv
CNM253845,SQL,beg
CNM253845,Java,beg
CNM253845,Other,adv
RWT273526,CSS,int
RWT273526,Other,int
HXA255028,JavaScript,adv
HXA255028,NodeJs,beg
HXA255028,CSS,int
HXA255028,HTML,int
HXA255028,SQL,beg
HXA255028,Python,int
HXA255028,Java,adv
AYH226794,Python,beg
AYH226794,Other,int
AYH226794,HTML,adv
AYH226794,CSS,beg
AYH226794,C++,int
AYH226794,NodeJs,beg
RWB242568,HTML,int
JYP210011,Python,adv
JYP210011,Other,beg
JYP210011,JavaScript,beg
MLS282756,NodeJs,beg
MLS282756,Java,adv
MLS282756,Other,adv
MLS282756,Python,adv
MLS282756,SQL,int
MLS282756,JavaScript,int
MLS282756,CSS,adv
NWM259050,SQL,adv
NWM259050,CSS,adv
NWM259050,HTML,beg
NWM259050,JavaScript,adv
NWM259050,Python,adv
OUV210682,Other,adv
OUV210682,C++,adv
SJS225166,Python,adv
SJS225166,Other,adv
DPD230671,Other,adv
DPD230671,JavaScript,int
DPD230671,C++,int
DPD230671,NodeJs,adv
DPD230671,CSS,beg
DPD230671,SQL,adv
DPD230671,HTML,adv
DPD230671,Java,beg
LGJ258799,JavaScript,beg
LGJ258799,NodeJs,int
LGJ258799,Java,adv
SQA274798,Other,adv
SQA274798,Java,beg
SQA274798,HTML,int
SQA274798,JavaScript,beg
SQA274798,NodeJs,int
SQA274798,SQL,beg
SQA274798,C++,adv
SQA274798,Python,adv
LCM291146,Other,int
LCM291146,JavaScript,int
LCM291146,NodeJs,beg
LCM291146,CSS,adv
EFS297426,Python,int
EFS297426,CSS,adv
EFS297426,Other,adv
EFS297426,Java,int
EFS297426,SQL,beg
EFS297426,JavaScript,adv
EFS297426,HTML,int
EFS297426,C++,int
EFS297426,NodeJs,int
PYT218714,NodeJs,int
PYT218714,SQL,int
AMG214869,NodeJs,adv
AMG214869,HTML,int
AMG214869,CSS,beg
AMG214869,Python,beg
CWN272089,HTML,beg
NQK240539,Other,int
NQK240539,SQL,adv
NQK240539,C++,beg
NQK240539,CSS,beg
NQK240539,NodeJs,adv
NQK240539,JavaScript,beg
NQK240539,Java,int
GJS263300,NodeJs,int
GJS263300,JavaScript,int
GHH241827,JavaScript,int
GHH241827,Other,adv
GHH241827,C++,adv
GHH241827,NodeJs,int
BLW251543,NodeJs,beg
BLW251543,Other,beg
BLW251543,Python,int
BLW251543,CSS,beg
EYF272512,SQL,adv
EYF272512,Other,adv
EYF272512,JavaScript,int
EYF272512,C++,adv
EYF272512,NodeJs,beg
SXB280356,JavaScript,adv
JDL289224,SQL,adv
JDL289224,JavaScript,int
JDL289224,C++,adv
JDL289224,HTML,adv
JDL289224,NodeJs,beg
JDL289224,Other,adv
JDL289224,Python,beg
PXJ269878,CSS,int
PXJ269878,HTML,adv
PXJ269878,Python,adv
PXJ269878,JavaScript,int
PXJ269878,C++,int
PXJ269878,NodeJs,beg
PXJ269878,Other,adv
PXJ269878,SQL,adv
HRW257983,HTML,beg
HRW257983,Other,adv
HRW257983,Java,beg
HRW257983,JavaScript,beg
HRW257983,NodeJs,adv
HRW257983,Python,beg
HRW257983,CSS,int
HRW257983,C++,adv
ABG222946,NodeJs,int
ABG222946,Other,int
ABG222946,C++,beg
ABG222946,CSS,beg
MCR280079,NodeJs,beg
MCR280079,SQL,beg
VDT285679,C++,beg
VDT285679,CSS,beg
VDT285679,Python,beg
VDT285679,NodeJs,int
JBL269228,NodeJs,adv
JBL269228,C++,beg
JBL269228,CSS,adv
JBL269228,HTML,int
JBL269228,Java,adv
JBL269228,SQL,int
JBL269228,JavaScript,adv
JBL269228,Other,beg
JBL269228,Python,int
PYW209046,Python,adv
PYW209046,SQL,beg
PYW209046,Java,beg
PYW209046,C++,beg
PYW209046,CSS,int
PYW209046,HTML,int
PYW209046,Other,adv
PYW209046,JavaScript,adv
JTM224704,Java,int
JTM224704,NodeJs,beg
JTM224704,CSS,adv
JTM224704,SQL,beg
JTM224704,Other,beg
JTM224704,C++,beg
JTM224704,Python,adv
JTM224704,JavaScript,int
JTM224704,HTML,beg
MPW207989,CSS,beg
MPW207989,JavaScript,adv
MKH273044,C++,adv
MKH273044,HTML,adv
MKH273044,Java,adv
MKH273044,Python,beg
MKH273044,NodeJs,beg
CHP224906,CSS,int
CHP224906,SQL,beg
CHP224906,Other,adv
CHP224906,HTML,int
CHP234180,SQL,beg
CHP234180,Python,adv
JGC282667,Java,adv
JGC282667,Other,adv
JGC282667,CSS,int
JGC282667,JavaScript,adv
JGC282667,HTML,int
JGC282667,NodeJs,beg
JGC282667,SQL,adv
JOC235038,Java,beg
CDB284529,HTML,beg
CDB284529,NodeJs,beg
CDB284529,Python,adv
CMP259054,CSS,adv
CMP259054,HTML,int
CMP259054,SQL,int
CMP259054,Java,int
CMP259054,JavaScript,beg
CMP259054,Python,beg
CMP259054,Other,beg
CMP259054,C++,int
CMP259054,NodeJs,int
BTC203442,Other,int
BTC203442,Python,beg
BTC203442,SQL,beg
BTC203442,HTML,beg
BTC203442,C++,int
BTC203442,CSS,int
BTC203442,JavaScript,int
BTC203442,NodeJs,int
BTC203442,Java,int
BTS239932,CSS,adv
BTS239932,SQL,adv
MLP242714,C++,beg
MLP242714,JavaScript,adv
MLP242714,SQL,int
MLP242714,HTML,beg
VZE271256,JavaScript,beg
VZE271256,C++,adv
VZE271256,Java,adv
VZE271256,Other,adv
VZE271256,Python,adv
MCD203219,NodeJs,int
MCD203219,HTML,beg
MCD203219,CSS,int
MCD203219,Other,adv
MCD203219,Python,adv
AKW297057,JavaScript,adv
AKW297057,Java,int
AKW297057,SQL,int
AKW297057,CSS,beg
AKW297057,C++,adv
AKW297057,HTML,beg
STM234387,SQL,beg
STM234387,C++,int
LUM224347,Java,adv
LUM224347,NodeJs,adv
LUM224347,C++,adv
LUM224347,JavaScript,int
LUM224347,HTML,int
SYS245688,Python,int
SYS245688,HTML,adv
SYS245688,JavaScript,int
SYS245688,C++,int
SYS245688,Java,adv
SYS245688,Other,int
SYS245688,NodeJs,adv
SYS245688,SQL,adv
SYS245688,CSS,beg
DIH299807,CSS,adv
DIH299807,SQL,int
DIH299807,HTML,adv
DIH299807,JavaScript,adv
DIH299807,Python,adv
DIH299807,Java,int
DIH299807,Other,beg
DIH299807,NodeJs,adv
FYP274205,NodeJs,beg
MCC220837,HTML,adv
MCC220837,JavaScript,beg
MCC220837,SQL,beg
MCC220837,Java,beg
JCF255353,SQL,adv
JCF255353,CSS,adv
JCF255353,C++,beg
JCF255353,HTML,beg
JCF255353,JavaScript,adv
WXS211362,C++,adv
WXS211362,HTML,adv
WXS211362,CSS,adv
WXS211362,JavaScript,int
DTH264865,C++,beg
DTH264865,Java,beg
DTH264865,CSS,int
DTH264865,NodeJs,adv
DTH264865,SQL,int
DTH264865,Python,adv
DTH264865,JavaScript,adv
DKM210357,NodeJs,adv
JXL265065,C++,int
JXL265065,Java,adv
JXL265065,Python,beg
JXL265065,HTML,int
AVP220618,Java,int
AVP220618,Other,beg
AVP220618,JavaScript,beg
AVP220618,NodeJs,beg
AVP220618,C++,adv
AVP220618,SQL,adv
AVP220618,CSS,adv
AVP220618,Python,adv
DBU265803,CSS,int
DBU265803,SQL,beg
DBU265803,Java,int
DBU265803,Other,beg
MUB200835,Java,beg
MUB200835,JavaScript,beg
MUB200835,NodeJs,adv
MUB200835,SQL,beg
MUB200835,Python,int
BUS260091,Python,adv
BUS260091,HTML,adv
BUS260091,Other,int
BUS260091,JavaScript,int
BUS260091,SQL,int
BUS260091,NodeJs,int
LYG241160,Java,beg
LYG241160,HTML,beg
LYG241160,JavaScript,adv
LYG241160,Python,beg
RZR225919,Java,int
RZR225919,Python,adv
RZR225919,CSS,int
RZR225919,HTML,beg
RZR225919,SQL,int
RZR225919,JavaScript,beg
RZR225919,Other,beg
BEL254000,Java,int
BEL254000,JavaScript,adv
BEL254000,NodeJs,adv
BEL254000,SQL,int
BEL254000,Python,int
BEL254000,HTML,int
BEL254000,CSS,beg
BEL254000,C++,beg
EZS213124,JavaScript,beg
EZS213124,SQL,beg
EZS213124,Other,beg
CBB271057,Python,adv
CBB271057,SQL,adv
CBB271057,Java,beg
CBB271057,JavaScript,beg
CBB271057,C++,adv
TUW295990,Python,adv
TUW295990,JavaScript,adv
TUW295990,Other,int
SLH265035,Java,beg
SLH265035,CSS,adv
SLH265035,C++,beg
SLH265035,JavaScript,beg
SLH265035,Other,int
SLH265035,Python,int
SLH265035,SQL,adv
EJS221319,Python,adv
EJS221319,C++,beg
EJS221319,CSS,int
EJS221319,Java,adv
EJS221319,Other,beg
EJS221319,HTML,adv
EMH210739,SQL,int
EMH210739,Python,int
EMH210739,HTML,beg
EMH210739,Java,int
EMH210739,NodeJs,adv
EMH210739,JavaScript,beg
KPG268495,Java,beg
KPG268495,Python,beg
KPG268495,Other,beg
KPG268495,HTML,beg
KPG268495,C++,int
KPG268495,CSS,beg
EWJ236202,C++,adv
EWJ236202,CSS,adv
EWJ236202,JavaScript,int
EWJ236202,NodeJs,beg
EWJ236202,Python,beg
EWJ236202,HTML,int
EWJ236202,Other,int
EWJ236202,SQL,beg
EWJ236202,Java,adv
SJR248816,C++,adv
SJR248816,HTML,int
SJR248816,NodeJs,beg
SJR248816,Other,adv
SJR248816,JavaScript,beg
SJR248816,CSS,beg
LGC204334,SQL,int
LGC204334,NodeJs,beg
LGC204334,CSS,int
IGS206507,Other,beg
IGS206507,Java,adv
IGS206507,JavaScript,beg
IGS206507,SQL,adv
IGS206507,NodeJs,beg
IGS206507,HTML,beg
BVS239602,CSS,beg
BVS239602,Other,beg
BVS239602,SQL,adv
BVS239602,JavaScript,beg
BVS239602,Python,beg
BGS250891,Other,beg
BGS250891,CSS,int
BGS250891,JavaScript,beg
BGS250891,C++,int
BGS250891,NodeJs,beg
RDL243426,C++,beg
RDL243426,NodeJs,beg
RDL243426,Other,beg
RDL243426,CSS,beg
RDL243426,Java,int
RDL243426,HTML,int
RDL243426,Python,adv
RDL243426,JavaScript,int
RDL243426,SQL,beg
KSL259251,JavaScript,int
KSL259251,Java,adv
KSL259251,NodeJs,beg
KSL259251,CSS,beg
KSL259251,C++,adv
KSL259251,Python,beg
KSL259251,Other,adv
MXA208557,JavaScript,beg
MXA208557,Java,beg
DVR291120,C++,int
DVR291120,CSS,adv
DVR291120,Java,beg
DVR291120,JavaScript,int
DVR291120,HTML,adv
DVR291120,Other,int
DVR291120,Python,int
DVR291120,SQL,beg
HQM214474,NodeJs,int
HQM214474,CSS,beg
HQM214474,Python,beg
KTM218139,Python,int
KTM218139,C++,int
KTM218139,HTML,adv
KTM218139,JavaScript,int
KTM218139,SQL,int
PVG223758,JavaScript,int
HMH236458,NodeJs,beg
HMH236458,C++,int
HMH236458,JavaScript,int
HMH236458,HTML,beg
HMH236458,SQL,adv
HMH236458,Python,adv
HMH236458,Java,beg
HMH236458,Other,beg
HMH236458,CSS,adv
MGN293959,Java,int
MGN293959,C++,beg
MGN293959,JavaScript,adv
MGN293959,HTML,adv
MGN293959,SQL,beg
MGN293959,NodeJs,adv
RTL250778,NodeJs,adv
RTL250778,Python,adv
RTL250778,C++,adv
RTL250778,HTML,adv
DKD293113,NodeJs,adv
DKD293113,JavaScript,beg
DKD293113,SQL,beg
DKD293113,Other,int
DKD293113,CSS,beg
DKD293113,Python,beg
DKD293113,C++,adv
DKD293113,Java,beg
RTS298775,SQL,adv
RTS298775,Java,int
RTS298775,NodeJs,beg
RTS298775,Other,adv
RTS298775,Python,adv
RTS298775,C++,adv
EQD275061,Python,beg
EQD275061,JavaScript,adv
EQD275061,CSS,int
EQD275061,NodeJs,int
EQD275061,HTML,int
EQD275061,Java,int
EQD275061,C++,beg
EQD275061,SQL,adv
JDB289463,Other,adv
JDB289463,NodeJs,beg
JDB289463,HTML,int
JDB289463,Java,adv
JDB289463,Python,beg
VXR226945,Java,int
VXR226945,C++,adv
VXR226945,Other,beg
VXR226945,JavaScript,adv
VXR226945,NodeJs,beg
AYH270101,NodeJs,beg
AYH270101,JavaScript,int
AYH270101,HTML,beg
AYH270101,SQL,adv
RRA205475,Python,beg
RRA205475,Other,adv
RRA205475,C++,adv
RRA205475,JavaScript,beg
RRA205475,CSS,adv
RRA205475,NodeJs,int
RRA205475,Java,adv
RRA205475,HTML,adv
RGB287988,SQL,int
RGB287988,Other,int
RGB287988,HTML,beg
RGB287988,C++,adv
RGB287988,Java,adv
RGB287988,Python,int
RGB287988,CSS,int
RGB287988,JavaScript,int
RGB287988,NodeJs,int
DQF234502,JavaScript,int
DQF234502,HTML,beg
DQF234502,Java,adv
DQF234502,CSS,adv
DQF234502,Python,int
DQF234502,NodeJs,beg
DQF234502,SQL,int
DQF234502,Other,adv
DQF234502,C++,adv
LEA220869,HTML,int
LEA220869,Java,int
LEA220869,SQL,int
LEA220869,C++,int
LEA220869,CSS,beg
AHR277028,Python,beg
AHR277028,NodeJs,beg
AHR277028,C++,int
AHR277028,JavaScript,adv
AHR277028,Java,adv
AHR277028,Other,beg
AHR277028,CSS,adv
AHR277028,HTML,beg
JFB202942,Java,int
JFB202942,CSS,adv
JFB202942,Other,beg
JFB202942,C++,adv
JFB202942,HTML,beg
JFB202942,NodeJs,adv
JFB202942,SQL,adv
JFB202942,JavaScript,adv
JFB202942,Python,int
KFG226522,Java,int
KFG226522,JavaScript,adv
KFG226522,C++,adv
KFG226522,HTML,adv
KFG226522,SQL,adv
CVM270268,Other,int
CVM270268,NodeJs,adv
CVM270268,Python,int
CVM270268,JavaScript,adv
CVM270268,CSS,beg
GPC251000,Java,adv
GPC251000,JavaScript,int
GPC251000,HTML,int
GPC251000,CSS,beg
GPC251000,SQL,beg
GPC251000,Python,adv
GPC251000,NodeJs,adv
GPC251000,Other,int
GPC251000,C++,beg
SMI211382,CSS,int
SMI211382,HTML,adv
SMI211382,Other,beg
SMI211382,C++,int
SMI211382,NodeJs,beg
LYD290989,CSS,beg
GKM237655,HTML,beg
GKM237655,Other,beg
GKM237655,SQL,adv
GKM237655,C++,int
GKM237655,Python,beg
GKM237655,JavaScript,beg
GKM237655,Java,beg
JED223969,C++,beg
JED223969,NodeJs,int
JED223969,Python,adv
JED223969,SQL,beg
JED223969,Java,int
JED223969,CSS,int
JED223969,JavaScript,adv
LYG224105,HTML,adv
LYG224105,C++,int
KUW255249,Java,int
KUW255249,HTML,int
SGP215890,JavaScript,adv
JYM262021,Python,adv
JYM262021,C++,beg
JYM262021,SQL,beg
JYM262021,HTML,adv
JYM262021,Other,beg
JYM262021,NodeJs,beg
JYM262021,Java,beg
JYM262021,JavaScript,adv
JYM262021,CSS,int
WTW239270,SQL,adv
WTW239270,HTML,adv
WTW239270,NodeJs,adv
WTW239270,CSS,int
WTW239270,JavaScript,int
WTW239270,Other,beg
WTW239270,Java,int
WTW239270,Python,beg
PTC223908,Java,beg
PTC223908,Other,beg
JPR228467,Other,int
RDP296681,SQL,beg
RDP296681,Python,adv
RDP296681,Other,adv
RDP296681,JavaScript,adv
JIC230928,Java,adv
JIC230928,Other,int
JIC230928,CSS,adv
BZW207834,Other,beg
BZW207834,SQL,adv
BZW207834,JavaScript,int
BZW207834,HTML,int
BZW207834,C++,adv
JOH274278,Java,beg
JOH274278,JavaScript,int
JOH274278,SQL,adv
JOH274278,C++,beg
JOH274278,Other,adv
JOH274278,Python,adv
JOH274278,HTML,int
JFA212616,Java,adv
HOA227359,Other,adv
HOA227359,JavaScript,int
HOA227359,NodeJs,adv
HOA227359,Python,beg
HOA227359,Java,adv
NRM225312,C++,adv
NRM225312,Python,int
NRM225312,JavaScript,adv
NRM225312,Other,beg
NRM225312,CSS,adv
NRM225312,HTML,adv
KXD273812,Java,int
KXD273812,Python,beg
KXD273812,NodeJs,beg
KXD273812,Other,int
MHB218141,SQL,int
IYL245603,HTML,beg
IYL245603,Python,int
IYL245603,Java,int
IYL245603,SQL,int
IYL245603,Other,beg
IYL245603,CSS,beg
IYL245603,NodeJs,int
IYL245603,JavaScript,beg
DMF299881,JavaScript,adv
DMF299881,SQL,adv
DMF299881,Python,beg
DMF299881,C++,int
DMF299881,Other,beg
DMF299881,CSS,int
MTW299317,NodeJs,beg
MTW299317,Other,adv
MTW299317,Java,adv
MTW299317,Python,beg
TGT276415,Java,int
DBR226066,CSS,adv
DBR226066,HTML,int
DBR226066,Other,int
DBR226066,Python,beg
DBR226066,Java,adv
RJF254700,Other,int
RJF254700,HTML,beg
RJF254700,JavaScript,adv
RJF254700,C++,adv
RJF254700,Python,adv
RJF254700,SQL,beg
RJF254700,NodeJs,beg
RJF254700,Java,int
RJF254700,CSS,beg
JTK217241,NodeJs,beg
JTK217241,SQL,beg
JTK217241,C++,beg
JTK217241,HTML,int
JTK217241,Other,beg
JTK217241,CSS,int
JTK217241,Java,int
JTK217241,Python,beg
TXD232346,Java,int
TXD232346,HTML,adv
TXD232346,CSS,adv
TXD232346,JavaScript,beg
TXD232346,NodeJs,beg
TXD232346,Other,int
TXD232346,Python,int
MFB260762,HTML,beg
MFB260762,NodeJs,adv
MFB260762,Java,int
MFB260762,Python,adv
MFB260762,SQL,int
MFB260762,C++,beg
MFB260762,CSS,adv
MFB260762,JavaScript,adv
MFB260762,Other,int
JJM218953,Java,adv
JJM218953,NodeJs,beg
JJM218953,HTML,adv
JJM218953,JavaScript,int
SGC271741,Java,adv
SGC271741,Python,int
SGC271741,JavaScript,int
SGC271741,Other,beg
SGC271741,CSS,beg
ACS212206,HTML,int
ACS212206,Other,adv
ACS212206,CSS,int
ACS212206,Java,int
ACS212206,SQL,adv
ACS212206,JavaScript,adv
ACS212206,C++,adv
ACS212206,Python,int
MZD225369,SQL,adv
MZD225369,HTML,int
MZD225369,Java,int
MZD225369,Other,beg
MZD225369,C++,int
KVR223020,Java,beg
KVR223020,CSS,adv
KVR223020,NodeJs,adv
KVR223020,SQL,int
KVR223020,Python,int
KVR223020,Other,beg
DWS278012,JavaScript,int
DWS278012,C++,int
DWS278012,HTML,int
DWS278012,NodeJs,beg
DXH263263,Python,beg
DXH263263,HTML,int
DXH263263,SQL,beg
DXH263263,Java,adv
DXH263263,NodeJs,adv
DXH263263,CSS,beg
DXH263263,Other,int
DXH263263,JavaScript,int
PYD226287,Python,beg
PYD226287,CSS,beg
VJH218554,Java,beg
VJH218554,C++,adv
VJH218554,HTML,adv
VJH218554,Other,adv
VJH218554,SQL,adv
VJH218554,JavaScript,adv
VJH218554,NodeJs,adv
SUV291566,Python,beg
SUV291566,SQL,beg
SUV291566,JavaScript,int
SUV291566,Other,beg
SUV291566,HTML,int
SUV291566,CSS,int
CMG272895,SQL,beg
JOR277616,JavaScript,beg
JOR277616,SQL,adv
JOR277616,HTML,beg
JOR277616,NodeJs,int
JOR277616,Java,adv
JOR277616,CSS,int
JOR277616,Other,int
JOR277616,Python,adv
JOR277616,C++,adv
HEH276379,Other,int
HEH276379,Java,beg
HEH276379,NodeJs,int
HEH276379,SQL,beg
HEH276379,CSS,beg
DLL262242,Java,adv
DLL262242,C++,beg
RLC259558,NodeJs,beg
RLC259558,HTML,adv
RLC259558,SQL,int
RLC259558,CSS,adv
RLC259558,Python,int
RLC259558,Other,beg
RLC259558,JavaScript,adv
RLC259558,C++,int
RLC259558,Java,adv
RSM261925,SQL,adv
RSM261925,CSS,adv
RSM261925,Python,int
RSM261925,C++,beg
RSM261925,Java,adv
RSM261925,JavaScript,int
NIG236418,Python,int
NIG236418,NodeJs,beg
NIG236418,Other,beg
NIG236418,C++,adv
NIG236418,JavaScript,beg
NIG236418,SQL,int
NIG236418,HTML,int
NIG236418,Java,int
NIG236418,CSS,beg
CYA252264,Python,int
CYA252264,JavaScript,int
CYA252264,Java,adv
CYA252264,Other,int
GYP212881,SQL,adv
GYP212881,Java,beg
JTR225307,Python,int
JTR225307,JavaScript,int
JTR225307,SQL,adv
JTR225307,NodeJs,beg
JTR225307,CSS,adv
JTR225307,C++,int
JTR225307,Java,int
JTR225307,Other,int
JTR225307,HTML,adv
RGJ233847,C++,int
RGJ233847,NodeJs,beg
RGJ233847,SQL,beg
VMF287111,NodeJs,adv
VMF287111,Other,int
VMF287111,HTML,beg
VMF287111,JavaScript,adv
VMF287111,Java,adv
VMF287111,C++,int
VMF287111,CSS,int
VMF287111,SQL,adv
DMB284907,NodeJs,beg
DMB284907,C++,beg
DMB284907,SQL,beg
DMB284907,HTML,beg
DMB284907,Other,adv
BBL204855,NodeJs,int
BBL204855,Python,adv
BBL204855,SQL,beg
BBL204855,CSS,int
BBL204855,C++,adv
BBL204855,Java,beg
BBL204855,HTML,beg
BBL204855,Other,adv
HHB213937,SQL,int
HHB213937,C++,beg
HHB213937,Other,beg
HHB213937,CSS,adv
HHB213937,JavaScript,beg
HHB213937,NodeJs,int
MUF231934,C++,int
MUF231934,CSS,adv
BTC280024,HTML,beg
BTC280024,C++,adv
BTC280024,CSS,int
EBC289816,NodeJs,adv
EBC289816,Java,beg
EBC289816,Other,beg
EBC289816,SQL,beg
EBC289816,JavaScript,adv
EBC289816,C++,int
EBC289816,CSS,adv
EBC289816,Python,adv
EBC289816,HTML,int
LSW226208,Python,int
LSW226208,HTML,beg
LSW226208,CSS,int
LSW226208,NodeJs,adv
LSW226208,C++,beg
LSW226208,SQL,adv
IHH261018,NodeJs,adv
IHH261018,Other,beg
IHH261018,Python,adv
IHH261018,Java,beg
IHH261018,HTML,adv
IHH261018,C++,beg
IHH261018,SQL,int
IHH261018,CSS,beg
IHH261018,JavaScript,beg
VGB210890,CSS,int
VGB210890,Python,beg
VGB210890,SQL,adv
VGB210890,HTML,int
VGB210890,Other,beg
VGB210890,Java,int
VGB210890,C++,adv
HKM291495,SQL,int
HKM291495,Java,int
HKM291495,NodeJs,beg
HKM291495,HTML,adv
HKM291495,Python,adv
HKM291495,Other,adv
HKM291495,CSS,beg
HKM291495,JavaScript,adv
RBT246230,NodeJs,adv
PDK251207,Other,int
PDK251207,Java,adv
PDK251207,Python,adv
DUV230451,CSS,int
DUV230451,HTML,int
KFT245068,NodeJs,beg
KFT245068,SQL,beg
TEC290327,SQL,beg
LTJ267081,JavaScript,int
LTJ267081,Python,int
LTJ267081,SQL,beg
LTJ267081,HTML,int
LTJ267081,NodeJs,int
BSH295420,CSS,adv
BSH295420,NodeJs,int
BSH295420,JavaScript,beg
DPM226117,HTML,adv
DPM226117,Java,adv
DPM226117,JavaScript,int
DPM226117,NodeJs,beg
DPM226117,C++,adv
DPM226117,Python,adv
DPM226117,CSS,int
CUF276161,Java,int
CUF276161,Python,int
EQE237992,SQL,beg
EQE237992,Other,adv
EQE237992,JavaScript,adv
EQE237992,NodeJs,int
EQE237992,Python,beg
EQE237992,CSS,beg
EQE237992,HTML,beg
EQE237992,C++,adv
LDS224696,SQL,adv
LDS224696,CSS,int
LDS224696,Other,beg
LDS224696,Python,adv
LDS224696,C++,int
LDS224696,HTML,beg
LDS224696,JavaScript,adv
RYP255680,C++,adv
RYP255680,Java,adv
RYP255680,JavaScript,adv
HVB216225,Python,adv
JJM275777,C++,adv
JJM275777,Python,beg
JJM275777,JavaScript,int
JJM275777,NodeJs,beg
JJM275777,HTML,int
JJM275777,CSS,beg
JJM275777,Java,int
DJN215167,Python,int
DJN215167,Java,int
DJN215167,SQL,adv
DJN215167,HTML,adv
DJN215167,NodeJs,adv
SML247672,CSS,int
SML247672,JavaScript,beg
SML247672,Python,beg
SML247672,HTML,int
SML247672,Other,int
SML247672,SQL,int
SML247672,C++,beg
SML247672,NodeJs,adv
SML247672,Java,beg
BQD239682,Other,beg
BQD239682,Java,int
BQD239682,JavaScript,int
BQD239682,NodeJs,int
BQD239682,HTML,int
GYM256450,JavaScript,int
GYM256450,SQL,int
GYM256450,Other,adv
GYM256450,Python,adv
GYM256450,NodeJs,beg
GYM256450,Java,adv
GYM256450,HTML,int
GYM256450,CSS,int
GYM256450,C++,beg
SJA277664,JavaScript,int
SJA277664,Other,adv
SJA277664,Python,int
SJA277664,Java,int
SJA277664,HTML,adv
SJA277664,SQL,beg
SJA277664,C++,int
DJO265136,JavaScript,beg
DJO265136,HTML,adv
DJO265136,CSS,adv
DJO265136,SQL,beg
KGL266144,Python,adv
KGL266144,NodeJs,adv
KGL266144,C++,adv
KGL266144,SQL,beg
KGL266144,HTML,adv
KGL266144,Other,beg
KGL266144,CSS,int
KGL266144,JavaScript,int
JTH234987,NodeJs,int
JTH234987,Other,adv
JTH234987,CSS,beg
JTH234987,HTML,beg
ITT202609,C++,beg
ITT202609,JavaScript,beg
ITT202609,NodeJs,adv
ITT202609,SQL,adv
ITT202609,Other,adv
TND243160,CSS,int
TND243160,NodeJs,adv
TND243160,HTML,beg
EJF218993,C++,beg
EJF218993,HTML,int
EJF218993,JavaScript,int
EJF218993,NodeJs,int
EJF218993,SQL,beg
KKS264447,JavaScript,beg
KKS264447,SQL,adv
KKS264447,HTML,adv
KKS264447,NodeJs,beg
KKS264447,Java,adv
AUW220686,C++,beg
AUW220686,JavaScript,int
AUW220686,Python,int
MEN206525,NodeJs,int
MEN206525,Other,int
MEN206525,Java,adv
MEN206525,C++,int
MEN206525,SQL,int
MEN206525,CSS,beg
AHS238036,JavaScript,beg
AHS238036,CSS,int
AHS238036,Java,beg
AHS238036,Other,int
AHS238036,NodeJs,int
AHS238036,SQL,adv
BQB273342,Python,int
BQB273342,CSS,int
BQB273342,Java,adv
BQB273342,Other,int
BQB273342,JavaScript,int
BQB273342,C++,int
BHE272833,CSS,beg
BHE272833,Python,int
BHE272833,SQL,int
BHE272833,HTML,adv
BHE272833,JavaScript,adv
BHE272833,Java,int
BHE272833,C++,int
LGC298295,Python,int
LGC298295,JavaScript,adv
LGC298295,Java,adv
LGC298295,C++,beg
LGC298295,HTML,int
LGC298295,NodeJs,int
LGC298295,SQL,adv
LGC298295,CSS,beg
EKC243178,JavaScript,int
MNV284825,Other,int
MNV284825,HTML,int
MNV284825,NodeJs,adv
MNV284825,JavaScript,adv
MNV284825,SQL,int
SPM288662,CSS,adv
SPM288662,HTML,int
GIB212384,Python,adv
GIB212384,Other,int
GIB212384,JavaScript,int
GIB212384,HTML,adv
GIB212384,Java,adv
GIB212384,CSS,int
GIB212384,C++,adv
JFW256858,SQL,beg
JFW256858,JavaScript,beg
JFW256858,NodeJs,adv
JFW256858,Python,beg
JFW256858,Java,beg
JFW256858,C++,beg
JFW256858,CSS,int
JFW256858,Other,adv
JFW256858,HTML,beg
DWS202859,JavaScript,beg
DWS202859,Java,adv
DWS202859,Python,adv
DWS202859,NodeJs,int
JKO293623,NodeJs,adv
JKO293623,C++,int
JKO293623,HTML,beg
JKO293623,CSS,beg
JKO293623,Python,int
JKO293623,JavaScript,adv
TNS217191,NodeJs,beg
WIY272984,SQL,int
LOS219815,C++,adv
LOS219815,Java,int
LOS219815,CSS,adv
LOS219815,NodeJs,int
LOS219815,Other,adv
LOS219815,SQL,int
LOS219815,HTML,adv
LOS219815,JavaScript,beg
LOS219815,Python,beg
RLG244737,JavaScript,int
RLG244737,Other,int
FBH252645,JavaScript,beg
FBH252645,CSS,int
FBH252645,SQL,adv
FBH252645,Other,adv
FBH252645,Python,beg
FBH252645,NodeJs,adv
KEK270442,Java,adv
KEK270442,Other,adv
SAA206256,Python,int
SAA206256,JavaScript,beg
SAA206256,CSS,beg
SAA206256,SQL,adv
SAA206256,C++,int
SAA206256,Java,int
SAA206256,NodeJs,beg
SAA206256,HTML,beg
SAA206256,Other,beg
KWN234562,Other,adv
KWN234562,C++,beg
PLS274942,JavaScript,int
PLS274942,Java,int
CZC263068,Python,beg
CZC263068,SQL,int
CZC263068,Java,int
CZC263068,CSS,adv
CZC263068,NodeJs,beg
CZC263068,HTML,adv
CZC263068,C++,int
CYE281094,NodeJs,adv
CYE281094,C++,adv
CYE281094,JavaScript,int
JDR269193,CSS,beg
JDR269193,C++,int
JML241948,HTML,adv
JML241948,Other,adv
JML241948,NodeJs,int
JRJ253411,Python,beg
JRJ253411,CSS,int
JRJ253411,NodeJs,adv
JRJ253411,HTML,beg
JRJ253411,SQL,beg
JRJ253411,Java,adv
JRJ253411,Other,int
JRJ253411,JavaScript,adv
KLJ278363,Other,int
KLJ278363,C++,beg
PKS298657,Java,beg
PKS298657,NodeJs,beg
PMH288029,NodeJs,int
JLD294084,C++,adv
JLD294084,CSS,beg
JLD294084,NodeJs,adv
JLD294084,JavaScript,adv
JLD294084,HTML,adv
JLD294084,Other,adv
JRH294531,Java,int
JRH294531,HTML,beg
JRH294531,SQL,adv
JRH294531,NodeJs,adv
JRH294531,Other,beg
JRH294531,C++,beg
JRH294531,CSS,int
JRH294531,Python,int
JRH294531,JavaScript,beg
HTS268114,C++,beg
HTS268114,Other,int
HTS268114,Java,beg
HTS268114,JavaScript,int
HTS268114,HTML,adv
HTS268114,Python,adv
HTS268114,CSS,int
HTS268114,SQL,beg
HTS268114,NodeJs,beg
ANO278587,C++,beg
RJT231870,NodeJs,adv
RJT231870,CSS,int
GGS245064,SQL,beg
GGS245064,Other,int
GGS245064,CSS,beg
GGS245064,Python,beg
GGS245064,HTML,adv
GGS245064,NodeJs,beg
GGS245064,Java,adv
GGS245064,JavaScript,beg
GGS245064,C++,int
RDJ247555,Java,beg
RDJ247555,Other,beg
RDJ247555,C++,int
RDJ247555,JavaScript,adv
RDJ247555,Python,beg
KDR288795,SQL,adv
KDR288795,Python,beg
KDR288795,CSS,beg
KDR288795,JavaScript,beg
KDR288795,HTML,beg
WEB280744,Other,beg
WEB280744,NodeJs,adv
TPA242182,NodeJs,beg
TPA242182,HTML,int
TPA242182,Other,int
CQB258262,NodeJs,beg
CQB258262,SQL,int
CQB258262,Python,beg
CQB258262,HTML,int
CQB258262,Java,adv
TVB247216,Python,int
TVB247216,CSS,adv
TVB247216,Java,adv
TVB247216,Other,beg
TVB247216,SQL,int
TVB247216,NodeJs,beg
TVB247216,C++,beg
TVB247216,HTML,adv
TVB247216,JavaScript,adv
KRC256202,SQL,adv
KRC256202,Other,int
KRC256202,C++,int
KRC256202,HTML,adv
KRC256202,NodeJs,beg
KRC256202,CSS,adv
KRC256202,Python,beg
KUS262230,Other,beg
AAS238155,JavaScript,int
AAS238155,NodeJs,int
AAS238155,SQL,adv
AAS238155,Java,adv
AAS238155,HTML,int
AAS238155,C++,beg
AAS238155,Other,adv
AAS238155,Python,adv
EKR208384,SQL,beg
EKR208384,CSS,adv
EKR208384,HTML,adv
EKR208384,NodeJs,int
EKR208384,C++,int
EKR208384,JavaScript,int
EKR208384,Java,adv
SYW291494,C++,adv
KFO293530,C++,adv
KFO293530,Python,int
KFO293530,NodeJs,beg
KFO293530,Java,int
KFO293530,CSS,int
KFO293530,HTML,beg
KFO293530,SQL,beg
KFO293530,JavaScript,adv
KFO293530,Other,beg
RUC254484,Java,adv
RUC254484,JavaScript,int
JPE208825,Python,beg
JPE208825,SQL,int
JPE208825,JavaScript,beg
JPE208825,NodeJs,adv
JPE208825,HTML,adv
ABH230984,Java,adv
ABH230984,HTML,int
ABH230984,SQL,adv
HBR230016,Python,int
HBR230016,NodeJs,beg
HBR230016,SQL,beg
HBR230016,Java,beg
HBR230016,JavaScript,adv
JHH295025,NodeJs,beg
JHH295025,HTML,int
JHH295025,Python,int
JHH295025,Other,int
CXS210909,JavaScript,beg
CXS210909,NodeJs,adv
CXS210909,Java,int
CXS210909,Python,beg
JCG250336,JavaScript,adv
CHF285315,Java,adv
CHF285315,Python,beg
CHF285315,NodeJs,int
CHF285315,CSS,beg
CHF285315,HTML,adv
KJF255436,CSS,adv
KJF255436,HTML,int
SLC285789,Other,int
SLC285789,C++,adv
RTS212693,JavaScript,int
RTS212693,SQL,adv
RTS212693,Python,beg
RTS212693,NodeJs,int
RTS212693,Other,int
RTS212693,CSS,beg
RTS212693,Java,beg
RTS212693,C++,int
RTS212693,HTML,adv
JKA286537,NodeJs,adv
JKA286537,JavaScript,int
JKA286537,SQL,int
JKA286537,CSS,adv
JKA286537,Java,beg
JKA286537,Python,adv
JKA286537,C++,beg
JKA286537,HTML,adv
JKA286537,Other,adv
TVC263198,Java,adv
TVC263198,Python,int
TVC263198,NodeJs,adv
TVC263198,HTML,int
TVC263198,JavaScript,adv
TVC263198,C++,beg
GNB294036,C++,beg
GKZ208111,JavaScript,beg
BZC278835,SQL,int
BZC278835,CSS,int
BZC278835,NodeJs,adv
BZC278835,Other,int
BZC278835,Java,beg
BZC278835,Python,int
BZC278835,HTML,beg
BZC278835,C++,adv
BZC278835,JavaScript,beg
DML255369,Java,adv
DML255369,CSS,beg
DML255369,HTML,int
DML255369,SQL,adv
DML255369,C++,int
GBC249355,JavaScript,beg
GBC249355,Python,beg
GBC249355,SQL,beg
GBC249355,Other,beg
GBC249355,HTML,int
MUH201520,Python,int
MUH201520,JavaScript,beg
MUH201520,HTML,adv
MUH201520,SQL,adv
MUH201520,NodeJs,beg
MUH201520,Other,int
MUH201520,CSS,adv
MUH201520,Java,beg
MUH201520,C++,int
JKB278525,HTML,beg
JKB278525,Python,adv
MZR239400,Java,beg
JMH216841,CSS,adv
GML255009,C++,beg
GML255009,SQL,int
GML255009,Python,beg
GML255009,JavaScript,beg
GML255009,Other,int
TRG269331,Python,int
TRG269331,CSS,adv
TRG269331,Java,adv
TRG269331,SQL,int
TRG269331,NodeJs,beg
TRG269331,C++,adv
TRG269331,Other,adv
TRG269331,JavaScript,int
TRG269331,HTML,adv
DJB256068,Python,adv
CXS253145,NodeJs,adv
CXS253145,Python,int
CXS253145,SQL,beg
CXS253145,CSS,int
CXS253145,C++,int
CXS253145,JavaScript,int
CXS253145,Java,beg
CXS253145,HTML,int
CXS253145,Other,beg
JUB200292,NodeJs,int
JUB200292,Java,int
JUB200292,Python,beg
JUB200292,Other,beg
JUB200292,CSS,int
JUB200292,HTML,adv
JUB200292,C++,beg
MIS216232,C++,beg
MIS216232,NodeJs,beg
MIS216232,SQL,int
MIS216232,HTML,adv
LGC255188,Python,beg
LGC255188,SQL,beg
LGC255188,JavaScript,beg
LGC255188,HTML,beg
LGC255188,CSS,beg
LGC255188,NodeJs,int
LGC255188,Java,adv
JTL236991,NodeJs,adv
JTL236991,C++,adv
JTL236991,SQL,adv
MBB219163,JavaScript,adv
MBB219163,NodeJs,beg
MBB219163,Java,int
MBB219163,CSS,beg
MBB219163,HTML,int
DTB206832,C++,adv
MUH276588,Other,adv
NWS299530,CSS,int
NWS299530,Python,beg
CFF273727,NodeJs,beg
CFF273727,CSS,beg
CFF273727,Python,beg
CFF273727,C++,adv
CFF273727,JavaScript,beg
CFF273727,Other,int
CFF273727,HTML,beg
CFF273727,Java,adv
YKR285019,HTML,adv
YKR285019,CSS,adv
YKR285019,C++,adv
YKR285019,Python,beg
YKR285019,Java,adv
CLG220400,NodeJs,adv
CLG220400,Python,adv
CLG220400,SQL,beg
CLG220400,Other,beg
CLG220400,Java,beg
CLG220400,JavaScript,beg
CLG220400,CSS,int
CLG220400,HTML,beg
CLG220400,C++,int
LBL214422,Java,beg
LBL214422,Other,int
LBL214422,JavaScript,adv
LBL214422,NodeJs,int
LBL214422,CSS,beg
LBL214422,Python,int
LBL214422,HTML,int
LBL214422,SQL,int
LBL214422,C++,beg
BAM267048,C++,int
BAM267048,NodeJs,int
BAM267048,Other,beg
BAM267048,Java,adv
BAM267048,JavaScript,int
BAM267048,SQL,beg
VDW219689,SQL,int
VDW219689,Python,int
FWR250465,Other,adv
FWR250465,HTML,beg
FWR250465,NodeJs,beg
FWR250465,Java,int
FWR250465,CSS,beg
FWR250465,JavaScript,beg
FWR250465,Python,beg
FWR250465,SQL,int
MBW218892,Java,int
MBW218892,JavaScript,adv
MBW218892,Python,beg
MBW218892,Other,beg
MBW218892,SQL,beg
MBW218892,CSS,int
MJM297459,Python,beg
HFG274981,Python,int
HFG274981,HTML,beg
HFG274981,NodeJs,adv
HFG274981,CSS,adv
HFG274981,Java,adv
HFG274981,C++,beg
RYC235378,CSS,beg
RYC235378,Python,beg
RYC235378,Other,beg
LJW273890,SQL,int
LJW273890,Python,adv
LJW273890,Other,adv
LJW273890,JavaScript,beg
LJW273890,Java,adv
LJW273890,NodeJs,beg
DGS282044,Python,adv
DGS282044,SQL,adv
DGS282044,Other,int
DGS282044,JavaScript,beg
DGS282044,CSS,beg
DGS282044,HTML,adv
DGS282044,Java,adv
CFM212335,NodeJs,int
CFM212335,CSS,int
VKM257780,NodeJs,adv
VKM257780,CSS,adv
VKM257780,SQL,beg
VKM257780,Java,beg
VKM257780,Other,beg
VKM257780,JavaScript,int
VKM257780,Python,int
VKM257780,HTML,beg
MDW284211,NodeJs,adv
MDW284211,HTML,beg
MDW284211,SQL,int
MDW284211,JavaScript,beg
MDW284211,Other,adv
MDW284211,Java,beg
MDW284211,C++,int
MDW284211,Python,adv
MDW284211,CSS,beg
KCB299433,C++,adv
KCB299433,CSS,beg
KCB299433,JavaScript,adv
KCB299433,SQL,int
KCB299433,HTML,beg
KCB299433,NodeJs,beg
HWC270189,SQL,int
HWC270189,Java,int
HWC270189,C++,beg
HWC270189,HTML,adv
HWC270189,JavaScript,int
LGC255073,JavaScript,int
LGC255073,Other,beg
LGC255073,Python,beg
LGC255073,NodeJs,int
LGC255073,CSS,int
LGC255073,HTML,int
LGC255073,SQL,beg
RNJ211484,JavaScript,adv
RNJ211484,HTML,int
RNJ211484,C++,beg
RNJ211484,NodeJs,beg
MBM272841,Python,adv
MBM272841,JavaScript,int
MBM272841,C++,adv
MBM272841,Java,beg
MBM272841,NodeJs,int
MBM272841,SQL,beg
MBM272841,Other,beg
MBM272841,CSS,beg
EYP297299,HTML,int
EYP297299,Other,adv
EYP297299,SQL,beg
EYP297299,NodeJs,int
RLN234340,C++,int
RLN234340,HTML,beg
RLN234340,SQL,beg
RLN234340,NodeJs,int
RLN234340,JavaScript,beg
RLN234340,Python,beg
RLN234340,CSS,adv
DNA245685,CSS,beg
LUB256270,Other,int
LUB256270,SQL,beg
LUB256270,HTML,beg
LUB256270,Java,beg
LUB256270,NodeJs,adv
LUB256270,C++,int
LUB256270,JavaScript,int
LUB256270,Python,beg
LUB256270,CSS,int
JQA273615,C++,int
JQA273615,JavaScript,int
JQA273615,SQL,beg
JQA273615,HTML,beg
EAH278830,Java,adv
EAH278830,NodeJs,beg
EAH278830,Python,beg
EAH278830,C++,int
EAH278830,HTML,beg
EAH278830,Other,int
EAH278830,JavaScript,adv
EAH278830,CSS,int
EAH278830,SQL,int
JDB264662,SQL,adv
JIM205646,JavaScript,adv
JIM205646,NodeJs,beg
YLC212032,Java,beg
YLC212032,HTML,int
YLC212032,Other,beg
YLC212032,SQL,int
YLC212032,C++,beg
YLC212032,NodeJs,adv
YLC212032,CSS,adv
MYR250538,CSS,beg
MYR250538,C++,int
DLD246131,Other,beg
DLD246131,SQL,beg
DLD246131,Java,adv
DLD246131,HTML,int
DLD246131,Python,adv
DLD246131,CSS,int
CWR251496,CSS,beg
CWR251496,Java,int
CWR251496,NodeJs,adv
CWR251496,C++,beg
CWR251496,Other,beg
CWR251496,HTML,beg
CWR251496,Python,int
CWR251496,SQL,int
CWR251496,JavaScript,beg
LPH277857,Other,int
LPH277857,Python,int
LPH277857,JavaScript,adv
LPH277857,C++,int
LPH277857,Java,adv
LPH277857,CSS,int
LPH277857,SQL,adv
LPH277857,NodeJs,int
TFT282167,HTML,adv
TFT282167,Java,int
TFT282167,CSS,adv
TFT282167,JavaScript,beg
RRM289249,C++,beg
RRM289249,CSS,beg
RRM289249,Java,int
RRM289249,HTML,adv
BQV232955,HTML,beg
BQV232955,Java,adv
BQV232955,Other,adv
BQV232955,Python,int
REW275781,JavaScript,adv
REW275781,C++,adv
REW275781,NodeJs,adv
REW275781,CSS,int
REW275781,HTML,int
REW275781,Python,int
RLE280636,NodeJs,int
RLE280636,Java,adv
RLE280636,Other,int
RLE280636,JavaScript,adv
RLE280636,Python,int
RLE280636,SQL,beg
RLE280636,C++,beg
RLE280636,HTML,adv
CZD239438,C++,adv
CZD239438,NodeJs,int
CZD239438,Java,int
FFB286266,CSS,adv
FFB286266,Other,int
FFB286266,SQL,int
FFB286266,Java,int
FFB286266,NodeJs,adv
FFB286266,HTML,beg
FFB286266,C++,int
PVF276092,SQL,int
PVF276092,HTML,adv
DJG293740,NodeJs,beg
DJG293740,Python,adv
DJG293740,CSS,int
DJG293740,SQL,adv
DJG293740,JavaScript,adv
DJG293740,Other,int
AYS289040,JavaScript,beg
AYS289040,C++,adv
AYS289040,Java,beg
AYS289040,CSS,int
AYS289040,Python,int
AYS289040,Other,adv
SGM233095,Java,adv
MPD224288,JavaScript,beg
MPD224288,C++,beg
MPD224288,CSS,int
MPD224288,Java,beg
MPD224288,NodeJs,beg
MPD224288,Python,adv
JQF220691,Java,int
JQF220691,Other,beg
JQF220691,Python,int
JQF220691,HTML,beg
LCA209275,HTML,beg
LCA209275,SQL,beg
LCA209275,Other,adv
LCA209275,JavaScript,adv
LCA209275,Python,int
LCA209275,C++,adv
LCA209275,Java,adv
LCA209275,CSS,adv
DLI215149,HTML,beg
DLI215149,C++,beg
DLI215149,CSS,int
LUV223670,C++,beg
LIS272273,Python,adv
LIS272273,HTML,adv
LIS272273,Other,beg
MCB204424,NodeJs,adv
MCB204424,Java,int
MCB204424,C++,adv
MCB204424,JavaScript,beg
MCB204424,HTML,adv
MCB204424,SQL,int
RXB256039,Other,adv
RXB256039,CSS,int
RXB256039,C++,beg
RXB256039,HTML,beg
RXB256039,SQL,adv
RXB256039,JavaScript,int
RXB256039,Java,int
RXB256039,Python,adv
RXB256039,NodeJs,int
EAJ234670,NodeJs,beg
EAJ234670,HTML,int
EAJ234670,Other,adv
EAJ234670,Java,adv
EAJ234670,CSS,int
JFM219254,Java,beg
JFM219254,SQL,adv
JFM219254,CSS,beg
JFM219254,NodeJs,int
BCC274758,JavaScript,beg
BCC274758,SQL,beg
BCC274758,HTML,int
BCC274758,Python,beg
BCC274758,CSS,int
JCM286122,Other,beg
RHD243081,C++,int
RHD243081,SQL,adv
RHD243081,CSS,int
RHD243081,JavaScript,adv
RHD243081,Java,beg
DQP244770,NodeJs,beg
DQP244770,C++,beg
DQP244770,Other,adv
DQP244770,Java,adv
DQP244770,HTML,int
DQP244770,SQL,int
DQP244770,Python,int
DQP244770,CSS,beg
CUT209666,Java,adv
CUT209666,SQL,adv
LQD264656,JavaScript,adv
LQD264656,CSS,int
LQD264656,NodeJs,beg
CHE237811,Python,beg
CHE237811,Java,int
CHE237811,CSS,beg
CHE237811,NodeJs,int
CHE237811,JavaScript,adv
CHE237811,C++,int
CHE237811,SQL,adv
CHE237811,HTML,int
ADY211385,SQL,beg
MHH224955,CSS,int
MHH224955,Python,beg
MHH224955,C++,int
MHH224955,SQL,adv
MHH224955,Java,adv
MHH224955,JavaScript,beg
MHH224955,Other,adv
JJA269528,HTML,beg
GUO207160,Other,adv
GUO207160,HTML,beg
JLM272468,CSS,int
JLM272468,Python,int
JLM272468,NodeJs,beg
PUW205542,JavaScript,adv
LJS212524,CSS,adv
RPR218844,NodeJs,beg
RPR218844,HTML,int
RPR218844,Java,adv
RPR218844,Other,adv
RPR218844,Python,adv
RPR218844,SQL,int
RPR218844,C++,beg
RPR218844,CSS,int
RPR218844,JavaScript,adv
VYM213768,HTML,beg
VYM213768,NodeJs,beg
MVG215411,SQL,adv
MVG215411,CSS,adv
MVG215411,HTML,int
MVG215411,JavaScript,beg
MVG215411,C++,int
MVG215411,Python,int
MVG215411,Other,beg
MVG215411,Java,beg
MVG215411,NodeJs,int
LUT281916,CSS,int
LUT281916,JavaScript,int
LUT281916,Other,adv
LUT281916,SQL,int
LQA223373,Python,beg
LQA223373,Java,beg
LQA223373,JavaScript,beg
RJE267070,JavaScript,adv
RJE267070,Other,beg
RJE267070,NodeJs,adv
RJE267070,HTML,beg
RJE267070,SQL,beg
RJE267070,Python,adv
RJE267070,C++,int
RJE267070,CSS,adv
AYB223332,SQL,int
AYB223332,Python,adv
AYB223332,Other,beg
AYB223332,Java,beg
AYB223332,C++,adv
AYB223332,HTML,int
JIG252205,Java,beg
JIG252205,NodeJs,int
JIG252205,CSS,beg
JIG252205,SQL,adv
JIG252205,HTML,adv
JIG252205,JavaScript,beg
JIG252205,Other,adv
JIG252205,C++,adv
JIG252205,Python,beg
SKC225451,JavaScript,adv
SKC225451,Java,int
SKC225451,NodeJs,beg
SKC225451,C++,beg
SKC225451,CSS,int
SKC225451,SQL,beg
JSP244754,Python,adv
DGH210652,CSS,int
DGH210652,Python,beg
DGH210652,NodeJs,beg
DGH210652,C++,int
DGH210652,Other,beg
DGH210652,JavaScript,beg
PFH284125,Other,int
PFH284125,CSS,beg
PFH284125,Java,int
PFH284125,NodeJs,int
PFH284125,C++,beg
EAW242253,CSS,beg
EAW242253,Python,int
EAW242253,HTML,adv
EAW242253,Other,int
EAW242253,C++,adv
CHS288939,CSS,int
CHS288939,JavaScript,adv
CHS288939,Other,adv
CHS288939,Java,adv
CHS288939,C++,beg
CHS288939,NodeJs,adv
MFP221671,C++,beg
MFP221671,HTML,int
MFP221671,Other,beg
MFP221671,SQL,int
MFP221671,CSS,beg
MFP221671,Python,int
GJB241727,Python,int
GJB241727,HTML,int
GJB241727,Other,adv
EZS289923,Other,beg
EZS289923,JavaScript,int
EZS289923,SQL,int
EZS289923,HTML,int
EZS289923,Java,adv
EZS289923,NodeJs,adv
EZS289923,Python,beg
EZS289923,C++,adv
EZS289923,CSS,int
AEG222968,NodeJs,int
AEG222968,Java,adv
AEG222968,Other,adv
AEG222968,Python,beg
AEG222968,SQL,int
AEG222968,JavaScript,adv
AEG222968,HTML,adv
AEG222968,CSS,int
GSM239741,CSS,adv
GSM239741,Java,int
LKH235003,HTML,int
LKH235003,C++,adv
LKH235003,CSS,int
LKH235003,Python,adv
LKH235003,JavaScript,adv
BRG219893,Java,beg
BRG219893,C++,beg
BRG219893,SQL,adv
BRG219893,HTML,adv
BRG219893,CSS,int
BRG219893,Python,int
JXC254446,C++,beg
JXC254446,Other,adv
JXC254446,HTML,int
JXC254446,NodeJs,adv
JXC254446,SQL,int
JXC254446,Java,int
JXC254446,Python,beg
JXC254446,CSS,int
JXC254446,JavaScript,adv
AFD299198,JavaScript,adv
KAG261888,C++,beg
KAG261888,SQL,adv
KAG261888,JavaScript,beg
KAG261888,Other,adv
KAG261888,NodeJs,adv
KAG261888,HTML,int
KAG261888,Python,adv
KAG261888,Java,int
MBR238399,C++,adv
MBR238399,Python,int
MBR238399,NodeJs,beg
MBR238399,HTML,beg
HKB299218,Other,beg
HKB299218,CSS,beg
WMF220242,Python,adv
WMF220242,Java,adv
WMF220242,Other,adv
WMF220242,JavaScript,adv
KPV263602,SQL,beg
JAG265377,Other,adv
JAG265377,C++,adv
JAG265377,Python,beg
JAG265377,CSS,beg
JAG265377,SQL,int
RGR205273,CSS,adv
RGR205273,Java,beg
RGR205273,C++,int
RGR205273,JavaScript,adv
RGR205273,SQL,beg
RGR205273,HTML,beg
RGR205273,Other,int
RGR205273,NodeJs,beg
BDT274623,SQL,adv
BDT274623,NodeJs,int
WQB299170,Other,beg
WQB299170,Python,int
WQB299170,C++,adv
WQB299170,Java,int
WQB299170,JavaScript,int
EFT251935,SQL,adv
EFT251935,Python,int
EFT251935,NodeJs,adv
EFT251935,JavaScript,int
RAM284645,Java,adv
RAM284645,SQL,adv
RAM284645,HTML,adv
RAM284645,JavaScript,beg
RAM284645,Python,beg
KND298281,C++,adv
KND298281,NodeJs,beg
KND298281,Other,beg
KND298281,Python,beg
KND298281,CSS,adv
KND298281,SQL,adv
KND298281,HTML,adv
KND298281,JavaScript,int
AAM226081,JavaScript,adv
AAM226081,NodeJs,int
AAM226081,Other,beg
AAM226081,Java,adv
AAM226081,CSS,int
AAM226081,SQL,beg
JRF274095,NodeJs,adv
JRF274095,Other,int
JRF274095,SQL,beg
JRF274095,C++,beg
MNM281748,SQL,beg
MNM281748,Python,beg
MNM281748,C++,int
RIB230160,C++,int
RIB230160,JavaScript,int
RIB230160,Java,int
RIB230160,HTML,beg
RIB230160,Other,beg
RIB230160,SQL,int
RIB230160,NodeJs,adv
CUB285459,HTML,adv
CUB285459,Python,beg
TFM248719,Python,beg
PNC203735,C++,beg
PNC203735,Other,adv
PNC203735,HTML,adv
PNC203735,JavaScript,beg
PNC203735,SQL,int
PNC203735,CSS,int
AEC216493,CSS,adv
AEC216493,C++,adv
AEC216493,NodeJs,int
AEC216493,JavaScript,int
AEC216493,Python,adv
AEC216493,SQL,int
LFG298033,JavaScript,beg
LFG298033,SQL,adv
LKB215442,Other,int
LKB215442,NodeJs,int
LKB215442,SQL,adv
LKB215442,Java,beg
LKB215442,Python,adv
LKB215442,CSS,beg
LKB215442,JavaScript,beg
EFS272521,Python,int
EFS272521,Java,beg
EFS272521,JavaScript,beg
EFS272521,CSS,adv
EFS272521,Other,beg
EFS272521,C++,adv
EFS272521,SQL,adv
EFS272521,NodeJs,adv
CER268386,CSS,beg
CER268386,HTML,beg
CER268386,SQL,int
CER268386,Other,beg
CER268386,JavaScript,beg
CER268386,Java,int
CER268386,NodeJs,beg
CER268386,C++,adv
RIT216183,Other,int
EBG209227,NodeJs,beg
EBG209227,CSS,adv
KKC294902,HTML,adv
KKC294902,NodeJs,int
KKC294902,C++,adv
KKC294902,CSS,adv
KKC294902,Other,adv
KKC294902,Python,int
KKC294902,Java,adv
KBA276037,Python,int
KBA276037,Java,int
KBA276037,SQL,adv
KBA276037,Other,int
KBA276037,NodeJs,int
KBA276037,JavaScript,beg
KBA276037,C++,int
KBA276037,CSS,int
KBA276037,HTML,beg
DTB222551,JavaScript,int
MDC247377,C++,adv
AKS213582,HTML,int
AKS213582,Other,adv
AKS213582,C++,beg
HUS254044,HTML,adv
HUS254044,SQL,beg
HUS254044,CSS,int
HUS254044,Python,adv
HUS254044,Java,beg
GBR294052,NodeJs,beg
GBR294052,Python,adv
GBR294052,Java,int
GBR294052,SQL,adv
GBR294052,Other,int
BVR230482,C++,adv
SMC295507,C++,int
SMC295507,CSS,beg
EQM284833,Java,int
EQM284833,Other,int
EQM284833,SQL,int
EQM284833,Python,beg
EQM284833,NodeJs,adv
EQM284833,C++,adv
EQM284833,CSS,int
EQM284833,JavaScript,beg
EQM284833,HTML,beg
HOS257763,NodeJs,beg
KPA232272,C++,int
KPA232272,SQL,int
KPA232272,CSS,beg
KPA232272,JavaScript,int
KPA232272,NodeJs,beg
KPA232272,HTML,int
KPA232272,Python,adv
KPA232272,Java,int
MYV279909,Java,adv
MYV279909,HTML,beg
MYV279909,Other,adv
MYV279909,Python,beg
MYV279909,CSS,beg
MYV279909,C++,int
MYV279909,SQL,int
MYV279909,NodeJs,beg
AWD212930,HTML,beg
AWD212930,Java,beg
AWD212930,NodeJs,adv
AWD212930,Other,int
AWD212930,C++,beg
AWD212930,JavaScript,int
AWD212930,CSS,beg
SXC289180,NodeJs,beg
SXC289180,CSS,adv
SXC289180,Other,adv
AXC208716,JavaScript,beg
JCM214602,SQL,adv
JCM214602,NodeJs,adv
JCM214602,Other,beg
JCM214602,C++,beg
JCM214602,HTML,adv
JCM214602,Java,int
MJS284428,HTML,adv
MJS284428,SQL,adv
BNW271712,Java,adv
BNW271712,JavaScript,beg
BNW271712,Other,int
BVD289864,CSS,int
BVD289864,Python,int
TMH252721,SQL,beg
TMH252721,JavaScript,beg
TMH252721,C++,beg
TMH252721,Other,adv
TMH252721,CSS,beg
JYB261634,Other,int
JYB261634,JavaScript,adv
JYB261634,C++,adv
JYB261634,HTML,beg
JYB261634,Java,int
JYB261634,NodeJs,adv
FTR299958,C++,beg
RSC240312,JavaScript,adv
RSC240312,C++,adv
MMA212723,Python,beg
MMA212723,NodeJs,int
MMA212723,Java,beg
MMA212723,HTML,beg
MMA212723,CSS,beg
MMA212723,Other,adv
MMA212723,C++,int
MIM281508,CSS,beg
MIM281508,NodeJs,int
MIM281508,HTML,adv
MIM281508,Python,adv
GBJ249895,JavaScript,int
GBJ249895,SQL,int
GBJ249895,C++,int
GBJ249895,Python,beg
GBJ249895,NodeJs,int
GBJ249895,Other,adv
DCB297788,Other,adv
DCB297788,HTML,adv
DCB297788,NodeJs,beg
DCB297788,C++,int
DCB297788,JavaScript,int
JCB271040,JavaScript,adv
JCB271040,CSS,int
JLA236890,JavaScript,adv
JLA236890,C++,int
JLA236890,SQL,adv
JLA236890,Other,adv
JLA236890,HTML,adv
JLA236890,Java,adv
JLA236890,Python,beg
JLA236890,CSS,adv
JLA236890,NodeJs,int
JOH229899,Python,int
JOH229899,JavaScript,beg
CPJ277717,Python,beg
CPJ277717,CSS,int
CPJ277717,JavaScript,adv
CPJ277717,NodeJs,adv
CPJ277717,Other,int
CPJ277717,C++,int
RGR218543,JavaScript,int
RGR218543,C++,adv
RGR218543,CSS,int
RGR218543,NodeJs,beg
RGR218543,Other,beg
RGR218543,Python,int
RGR218543,SQL,int
RGR218543,HTML,int
RGR218543,Java,beg
LHF216663,SQL,adv
LHF216663,C++,int
BKM207736,C++,adv
BKM207736,CSS,beg
BKM207736,SQL,int
BKM207736,Java,int
BKM207736,Other,beg
BKM207736,Python,beg
BKM207736,JavaScript,int
BKM207736,NodeJs,beg
BKM207736,HTML,beg
MIC299413,Other,adv
MIC299413,NodeJs,int
MIC299413,Python,adv
MIC299413,C++,beg
MIC299413,JavaScript,adv
